id,context_tweet,text,JM,Vivi,Pau,Notas_JM,Notas_Vivi,Notas_Pau
339709,Coronavirus: un diario ingl√©s asegura que los mercados chinos siguen vendiendo murci√©lagos y carne de animales dom√©sticos https://t.co/qFPs4aHf6D,@usuario Que gente de mierda .,0,0,0,,mierda,
395003,"Muri√≥ el periodista Mario Pereyra, √≠cono de la radio de C√≥rdoba https://t.co/MZtxmqFP4o",@usuario Cu√°nto zurdito resentido en los comentarios...,1,1,1,,zurdito,zurdito
381327,"""Se termin√≥, a salir a la calle‚Äù: detuvieron a un hombre que se grab√≥ llamando a romper la cuarentena obligatoria https://t.co/VCK2uezc9p",@usuario Flor de imb√©cil,1,1,1,,flor de,flor de
371979,El pol√©mico mensaje de Cinthia Fern√°ndez sobre la muerte de un delincuente en un intento de robo https://t.co/odv7PghHxL,@usuario Y que tiene tiene de pol√©mico???,0,0,0,,,
342998,Coronavirus: China anunci√≥ que no registr√≥ ning√∫n caso nuevo local https://t.co/bg8d1fSwBX https://t.co/M47osbSpVL,@usuario Chinos de mierda q se maten todos,0,0,0,,"inconsistente con el 1ro por mierda""",
360287,El divertido pedido de Jimena Bar√≥n a Alberto Fern√°ndez por la falta de intimidad en cuarentena https://t.co/6e8rPmXrVd,@usuario Llevaba 5 d√≠as sin re√≠rme. Ahora van 6..,0,0,0,,"no es regionalismo, pero tiene informacion regional (en este caso no importa porque no es hate speech)",
407017,"El tama√±o, ¬øimporta?: c√≥mo medirlo y consejos para una penetraci√≥n m√°s placentera | Por Cecilia Ce https://t.co/6MNdfYk5LI","@usuario Por supuesto que el tama√±o NO IMPORTA,,,,,TENERLA CHICA NO CUENTA Y NO IMPORTAüòÇüòÇüòÇüòÇüòÇüòÇüòÇüòÇ",1,0,0,"""tenerla chica""",,
407369,¬øSe puede ser feminista y llorar a Diego Maradona? https://t.co/cdAPQ8PuEL https://t.co/VggCrUXUaZ,@usuario Ustedes son una mierda,0,0,0,,"no es regionalismo, pero tiene informacion regional (en este caso no importa porque no es hate speech)",
334492,üî¥ AHORA | El Gobierno habilit√≥ el arribo de m√°s de 200 m√©dicos cubanos para atender el pico de la pandemia https://t.co/MNHYfDb7e0 https://t.co/qLtyXPknXb,@usuario No hay m√©dicos en Argentina? O tenemos que recibir esp√≠as agitadores e m√©dicos in√∫tiles como los cubanos?,0,0,0,,,
386305,El Gobierno respald√≥ el proyecto para que el Estado se quede con acciones de las empresas a las que ayuda durante la pandemia https://t.co/78kq4nG3On,"@usuario El Gobierno respald√≥ la propuesta del Estado?????. . . no son lo mismo, sobre todo en √©poca de peronismo????. . . No se les cae otra idea que no sea quedarse con lo que no les pertenece?????. . . tantos eruditos y mba de Harvard y no tiran un centro como la gente????",1,0,0,"""tirar un centro""","no es regionalismo, pero tiene informacion regional (en este caso no importa porque no es hate speech)",
368291,Tres extranjeros incumpl√≠an la cuarentena total y agredieron a los polic√≠as que quisieron identificarlos https://t.co/r40lhweP5P,"@usuario Deportaci√≥n, 3 problemas menos.",0,0,0,,,
342025,Efecto coronavirus: ¬øahora la grieta es entre Alberto Fern√°ndez y Cristina Kirchner? https://t.co/wM6sIQRMZ6,@usuario La grieta es lo q publica Clar√≠n versus la veracidad!!!,1,1,1,"""la grieta""",ademas tiene informacion regional (en este caso no importa porque no es hate speech),grieta
398513,En Salta mandaron a un abusador a la casa porque se llov√≠a su calabozo: vive al lado de la nena que atac√≥ https://t.co/vHITnb3yzt,@usuario @usuario Basura,0,0,0,,,
397208,Yanina Latorre le respondi√≥ a quienes la cuestionaron porque su mam√° se vacun√≥ contra el COVID-19 en Estados Unidos https://t.co/w9t3G6NIBX,"@usuario Muy triste, no saber que la vida no se compra,.",0,0,0,,,
388614,"‚ÄúLos padres conf√≠an en m√≠, ese es su problema‚Äù: los mensajes de un docente de una escuela evang√©lica en los que admite que abus√≥ de menores https://t.co/it8bmQEa9e","@usuario @usuario Que terrible!!!! Para terminoar con esto hay que avabar con la cultura de la violaci√≥n. Adem√°s  aprender a escuchar a lxs ni√±xs,  creerles, ense√±arles #Esi
#BastaDeAsi #BastaDeViolencias",0,0,0,,"o s√≠, ya que lxs ni√±xs",
364261,üî¥ AHORA | Mar√≠a Eugenia Vidal: ‚ÄúQueremos pedirles otra oportunidad para hacer el mejor gobierno posible‚Äù https://t.co/i6jLBjs5OG https://t.co/2qajW0UDq4,@usuario Jajajajajaaaaaa segu√≠ participando,0,0,1,,,segu√≠ participando en sentido local
365222,Opinan los especialistas: ¬øpor qu√© los j√≥venes argentinos se quieren ir del pa√≠s? | Por Graciela Gioberchio https://t.co/INs2rWc8KK,@usuario Una mejor calidad de vida y oportunidades,0,0,0,,,
375744,"Thelma Fardin revictimizada: las v√≠ctimas de violaci√≥n no pueden quedar presas del estigma mientras los violadores siguen libres | Por Luciana Peker
https://t.co/MIEIxyK7Wv",@usuario La invito a que asista al programa de los se√±ores Tugo Bierno y el arabe,1,0,1,"""tugo bierno""",,tugo
339209,"Coronavirus: con un piquete fronterizo, bolivianos piden controles sanitarios para los argentinos que entran a ese pa√≠s https://t.co/EwPYLuDXlA","@usuario Ac√° somos tan boludos que les damos hospitales, escuelas y universidades gratis y como si fuera poco tambi√©n planes, AUH y ahora la tarjeta Alimentar.
Encima comentas algo y salta desde el INADI la idiota de Vicky Donda gritando q est√°n discriminando!
Pa√≠s de pelotudos.",0,1,1,,"INADI
supongo que s√≠ porque est√° el inadi. ",pelotudos
384739,La angustia de Lola Latorre por los agravios que recibe en las redes: ‚ÄúMe hicieron un meme de Peter La Anguila‚Äù https://t.co/PFrtFcXm6J,@usuario NABANANANAS QUIEN FUE EL CULIAO JAJAJAJSJSJSJS,1,1,1,"""culiao""",culiao,culiao
380437,"Vecinos de Villa Azul, entre el miedo al coronavirus y al futuro: ""¬øC√≥mo hacemos para tener comida? ¬øQu√© hacemos cuando esto termine?"" https://t.co/0oeteKmFSi",@usuario La Su los puede ayudar,0,0,0,,La su?,
347952,Donald Trump: ‚ÄúFue la incompetencia de China y nada m√°s lo que caus√≥ esta masiva matanza mundial‚Äù https://t.co/4owLXYJ58c,"@usuario China no llega ni a la mitad de matanzas que caus√≥ eeuu en todas sus golpes de estados, invasiones y guerras a nivel mundial . En Argentina entre el 76 y el 83, eeuu mato con su mano de obra nacional a alrededor de 30000 personas. Polemico.",0,0,0,,,
363955,"Jos√© Luis Chilavert fustig√≥ a Diego Maradona por su relaci√≥n con Nicol√°s Maduro, Hugo Ch√°vez y Fidel Castro https://t.co/vUS5tokXrg https://t.co/i1hIh83avt",@usuario A quien mierda le importa lo que piense un PARAGUAYO??? Sea √©ste o cualquier otro.  Que vayan a su pa√≠s a opinar de su gente.,0,0,0,,"inconsistencia con anterior por ""mierda""",
341121,"Coronavirus: ¬øChina logr√≥ la vacuna ""perfecta""? https://t.co/yW2eoOmxTn","@usuario Y ahora la venderan y se har√°n mas ricos, deberian regalarla",0,0,0,,,
335681,"Por la crisis, el Gobierno se prepara para repartir cajas navide√±as a m√°s de un mill√≥n y medio de familias https://t.co/GYNPciRRtS",@usuario #CFKesCLEPTOCRACIA,0,1,0,,"cleptocracia
no se si es regional, pero no es palabra est√°ndar",
363270,"Ins√≥lito: un buque chino inicialmente detenido por pescar ilegalmente en mar argentino, logr√≥ al final darse a la fuga | Por Sergio Serrichio https://t.co/rzUyxCSm5c",@usuario @usuario Ins√≥lito? Ja,0,0,0,,,
403705,"Es norteamericano, sobrevivi√≥ al 11-S y se mud√≥ a Argentina: ‚ÄúEs uno de los mejores pa√≠ses del mundo‚Äù | Por Florencia Illbele
https://t.co/Lsiw2RrMnR","@usuario Obvio m√≠ster, l√°stima el #gobiernodemierda que tenemos y todos sus s√©quitos planeros. Andate antes q te apu√±alen en la calle y la polic√≠a no te pueda defender.",1,1,1,planeros,planeros,planeros
391347,Cristina Kirchner recibi√≥ la vacuna Sputnik V https://t.co/8ewxO1BWFP https://t.co/8mpgO5sZ3B,@usuario Circo para la gilada que piensa que esta nefasta es una santa,1,1,0,,circo?,
385901,Gin√©s Gonz√°lez Garc√≠a: ‚ÄúLa vacuna contra el COVID-19 podr√≠a estar a principios del a√±o que viene‚Äù | Por Mariana Dahbar https://t.co/du52RLsvyv,@usuario Borracho chamuyero.,1,1,1,,chamuyero,"chamuyero
Borracho?"
340011,"Elisa Carri√≥: ""No tengan miedo, el problema no es el coronavirus sino Putin"" https://t.co/PNCHuFxdnM",@usuario Pongan en cuarentena a est√° mujer...lo tiene lo tiene,0,0,0,,,
352088,OPINI√ìN: la vicepresidenta aprovecha el miedo y la regresi√≥n de la sociedad para embestir contra sus causas por corrupci√≥n. Eduardo van der Kooy https://t.co/Jm8II1cyUy,@usuario Y a darle a la makinita o al bitc√≥in,0,1,1,,makinita,maquinita
377747,"Grabois calific√≥ al campo como ""par√°sitos que viven de la renta extraordinaria de la tierra que es de todos"" https://t.co/c8XQr9c1aA","@usuario LA TIERRA ES PARA EL QUE LA COMPRO CON ESFUERZO Y SUDOR DE SANGRE, PARA QUE VENGAS VOS IMBECIL A QUERER DECIR QUE ES DE TODOS. NO SABES DIFERENCIAR UNA VACA DE UN CHIMANGO.",0,0,1,,,frase chimango
355566,"Luis Brandoni cruz√≥ a Ricardo Alfons√≠n por sus cr√≠ticas a la marcha: ""No est√° en el centro de sus convicciones, de lo que ha mamado desde que naci√≥"" https://t.co/RuqteYDjek",@usuario Que convicciones quer√©s que tenga el excremento de @usuario si manotea un mill√≥n de pesos por mes del estado. A quien carajo le puede importar la moral que pueda tener un hdp as√≠.,0,1,,,hdp,
395002,"Muri√≥ el periodista Mario Pereyra, √≠cono de la radio de C√≥rdoba https://t.co/MZtxmqFP4o",@usuario Un forro menos,1,1,1,,forro,forro
344672,Coronavirus: desde Malvinas le contestaron a Daniel Filmus que si necesitan ayuda se la van a pedir al Reino Unido https://t.co/7mKJUK1501,@usuario Ojal√° les llegue el virus y se caguen muriendo ...mugrientos de mierda,0,1,1,,caguen muriendo,cagarse muriendo
362144,Un grupo de encapuchados saque√≥ una tienda de Louis Vuitton en Portland en medio de las protestas por la muerte de George Floyd https://t.co/WdWGIAhskH,@usuario Primero lo importante...,0,0,0,,,
390578,Aborto: miles de mujeres volvieron a las calles para reclamar que se trate y sea ley https://t.co/hbfjyaIYbA,@usuario #YoNoMeVacuno mi cuerpe,0,1,0,,cuerpe,
356297,Morena Rial estaba haciendo una transmisi√≥n en vivo y comenz√≥ a discutir con su novio https://t.co/uLAgLHZBqD,@usuario A todo esto ... Quien cuidaba al nene???,0,0,0,,,
387023,üò±[¬øQU√â PAS√ì?]üò± La angustia de More Rial tras la pelea p√∫blica con su novio &gt;&gt;&gt; La pareja protagoniz√≥ un fuerte enfrentamiento en medio de una transmisi√≥n en vivo de Instagram y preocup√≥ a todos los seguidores. ¬°Mir√°!  https://t.co/UUMF6LyVlm,@usuario Esta chica est√° enferma . De que manera se la puede ayudar antes que sea demasiado tarde?,0,0,0,,,
358758,24 de marzo. Florencia Kirchner record√≥ a N√©stor desde la cuarentena con su madre y su hija https://t.co/GbQ6LuEUik https://t.co/eRjGDz3R7I,@usuario Av√≠senle a est√° piba que lea la historia en la dictadura el padre no hizo nada por los derechos humanos se dedic√≥ a quitarle las casas a quien no pod√≠a pagar nefastos hipocrita,0,0,0,,,
397239,Yanina Latorre le respondi√≥ a quienes la cuestionaron porque su mam√° se vacun√≥ contra el COVID-19 en Estados Unidos https://t.co/w9t3G6NIBX,@usuario Ojal√° todo esto genere que la familia Latorre en pleno se vaya a vivir al exterior. Son prescindibles,0,0,0,,habla de personas de la regi√≥n,
357368,La desacertada declaraci√≥n de Bernie Ecclestone: ‚ÄúEn muchos casos las personas negras son m√°s racistas que las blancas‚Äù https://t.co/30IR1woaCw,@usuario Tiene raz√≥n.  No es pol√≠ticamente correcto decirlo. Pero es cierto,0,0,0,,,
377122,Esc√°ndalo en C√≥rdoba por los comentarios antisemitas de un profesor: ‚ÄúLe doy el aguinaldo a quien encuentre un jud√≠o pobre‚Äù https://t.co/R0mU8U6Ae4,@usuario Y a quien encuentre a un gitano con empleo honesto.,0,0,0,,,
335473,Alfredo Cornejo: ‚ÄúEl peronismo de hoy representa al sector parasitario que vive de quienes crean riqueza‚Äù https://t.co/p3bKfwF93N,@usuario Viejo bldo,1,1,1,bldo,"bldo
boludo",bldo boludo
331610,"La Provincia volvi√≥ a apuntar a la Ciudad por el avance del coronavirus: ""Ven√≠amos bien hasta el brote de la villa 31"" https://t.co/7ROvndX32c",@usuario Este Kreplak no es nada confiable,0,0,0,,"regional (kreplak, villa 31)",
374893,"Rob√≥ a una embarazada, los vecinos lo lincharon y pidi√≥ clemencia: ‚ÄúPerd√≥n, tengo dos pibes‚Äù https://t.co/gOcURtu6LT","@usuario Anda a vender pastelitos, pelotudo, si es cierto que tenes dos hijos.",1,1,1,pelotudo,"pelotudo
 es un regionalismo. chequeado. pero no s√≥lo para argentina. en espa√±a entiendo que no se usa.

https://es.wiktionary.org/wiki/pelotudo#:~:text=Adjetivo,-Singular&text=Dicho%20de%20una%20persona%2C%20que,como%20sustantivo%2C%20despectivo%2C%20malsonante.
",pelotudo
360112,Graciela Cama√±o: ‚ÄúMe parece horrible que el abogado de Cristina Kirchner integre el consejo para la reforma judicial‚Äù https://t.co/A9DGv1ktP7,@usuario Pero despu√©s vas y votas por su impunidad vieja forra @usuario,0,1,1,,"forra
vieja
vieja en sentido agresivo creo que es regionalismo",forra
391575,Una dirigente gremial docente afirm√≥ que ‚Äúel nivel de circulaci√≥n de coronavirus dentro de una escuela es tan alto que podr√≠a compararse con el de una fiesta clandestina‚Äù https://t.co/4Huf0N317Q,"@usuario Manga de ignorantes!!!! Como pueden poner en duda que la  escuela es foco de contagio???? Forros!!!! Mandan al muere a los pibes, a los familiares de riesgo porque no quieren quedarse a cuidar a los pibes en casa.... Estupidos imberbes",1,1,1,,forros,forros
404476,Diego Poggi se arrepinti√≥ de publicar el doloroso mensaje que le escribi√≥ su padre cuando le cont√≥ que ten√≠a novio: ‚ÄúExplot√© de la peor manera‚Äù https://t.co/npOke3v0bX,@usuario Muy imbecil.... los trapos sucios de lavan en casa. Resentido total ...,0,1,0,,"trapos sucios
total",
352818,"üí•[OTRA INDIRECTA]üí• ¬øMore Rial cuestion√≥ las habilidades de su ex en la cama? &gt;&gt;&gt; Luego de su separaci√≥n con Facundo Ambrosioni, la medi√°tica hizo una fuerte referencia a su vida sexual. ¬°Mir√°!  https://t.co/BGvJn4JoFo",@usuario Esta acumulando mas leche que mastellone,1,1,1,,"mastellone
leche
mm. no se si es regionalismo, supongo que s√≠.
y ac√° pienso que es interesante tambi√©n saber cu√°les tienen met√°foras",m√°s leche que mastellone
385847,Domingo Cavallo: ‚ÄúEl Gobierno deber√≠a retomar las privatizaciones para reducir el d√©ficit fiscal‚Äù | Por Mart√≠n Kanenguiser https://t.co/2ttAGxaUUH,"@usuario El estado no tiene por qu√© poseer empresas y competir contra los privados. Es, fu√© y siempre ser√° un ABUSO DE PODER",0,0,0,,,